Method,alice_num_recs,bob_num_recs,num_ref_val,K,dbo_time,lu_time,rr,pc,pq,a_min_blk,a_med_blk,a_max_blk,a_avg_blk,a_std_dev,b_min_blk,b_med_blk,b_max_blk,b_avg_blk,b_std_dev,num_blocks,num_cand_rec_pairs
knn,46116,46116,461.16,3,286.55983304977417,0.0018630027770996094,0.9967941446250245,1.0,0.003382006575097179,3,68.0,527,99.81818181818181,69.79634455121216,3,109.5,511,99.81818181818181,69.38543965790696,462,6817846
psig,46116,46116,461.16,3,0.4089970588684082,0.00018978118896484375,0.923769576482212,0.9926272877092549,0.0001411809991668236,1,102.5,1814,294.8123123123123,435.845909657901,1,65.0,1820,297.39307228915663,437.0485733118627,646,162118133
snn_sim,46116,46116,461.16,3,0.10011601448059082,0.0031402111053466797,0.9957755210227949,0.9976147107294648,0.0025604014542074042,4,130.0,568,107.26340326340326,97.07845618888291,4,56.0,574,107.19114219114219,97.73319284908419,429,8984138
hlsh_clust,46116,46116,461.16,100,38.20414733886719,1.468991994857788,0.9989898214642231,1.0,0.010732977956852107,1,1.0,80,1.3159850982865313,1.229248684722054,1,2.0,83,1.3148885120469431,1.2206358308620726,838118,2148332
snc2p,46116,46116,461.16,100,0.23477697372436523,22.572080850601196,0.9944879008943578,0.9994362043542372,0.0019658774181379895,101,103.0,164,111.07228915662651,10.668931510654625,101,107.5,157,110.80528846153847,10.310472220843714,20783,11722501
hclust,46116,46116,461.16,100,8580.181478261948,0.016034841537475586,0.9968451803810144,1.0,0.0034367175516882586,36,71.0,484,136.3874458874459,68.44623205276602,26,82.0,456,135.75108225108224,68.44652816208757,462,6709309
