K,Method,a_avg_blk,a_max_blk,a_med_blk,a_min_blk,a_std_dev,alice_num_recs,assess_time,b_avg_blk,b_max_blk,b_med_blk,b_min_blk,b_std_dev,bob_num_recs,dbo_time,lu_time,num_blocks,num_cand_rec_pairs,num_ref_val,pc,pq,rr,tot_time
3,knn,98.10638297872343,221,111.0,18,45.18295387598857,4611,,98.10638297872343,230,41.0,16,46.223892708532475,4611,3.3588979244232178,4.696846008300781e-05,47,548875,46.11,1.0,0.004199498975176497,0.9741843416032334,
3,kasn_sim,98.25,422,70.0,5,88.13216444120106,4611,,98.3181818181818,430,67.5,5,88.15811537110535,4611,0.01004481315612793,0.00021386146545410162,44,764761,46.11,0.937527114967462,0.0028257194077626864,0.9640304099637084,
100,kasn_size,192.125,298,247.0,116,51.12510187438912,4611,0.19430899620056152,192.125,285,246.0,118,47.8646638102334,4611,0.013688087463378906,0.00030303001403808594,24,999113,46.11,1.0,0.0023070463501125497,0.9530079527984172,0.2083001136779785
100,hlsh_clust,1.0569930370497722,10,1.0,1,0.2984261441933743,4611,,1.0588924228680343,10,1.0,1,0.3073308451380726,4611,4.186846971511842,0.08017706871032715,92880,23302,46.11,1.0,0.0989185477641404,0.9989040191811224,
100,snc2p,112.21951219512195,134,129.0,101,8.93748530988921,4611,,112.1219512195122,218,118.0,101,18.932737322801632,4611,0.021700143814086914,0.2092528343200684,2078,1142353,46.11,0.9969631236442515,0.0020116373835408143,0.946270836134782,
100,hclust,119.0,237,121.0,53,41.108056879710716,4611,,117.63829787234043,244,106.0,53,42.45469451620709,4611,32.581285238265984,0.0012600421905517578,47,533612,46.11,1.0,0.004319617999595212,0.9749022179760138,
3,p-sig,1.0,61,1.0,1,3.8424497488253815,4611,,1.0,61,1.0,1,3.8424497488253815,4611,0.2429840564727783,0.09303903579711914,5011,100,,1.0,,0.9959494990927422,0.33602309226989746
